CustomerID,Tenure,MonthlyCharges,TotalCharges,ContractType,TechSupport,Churn
1,1,29.85,29.85,Month-to-month,No,1
2,34,56.95,1889.5,One year,Yes,0
3,2,53.85,108.15,Month-to-month,No,1
4,45,42.3,1840.75,One year,Yes,0
5,2,70.7,151.65,Month-to-month,No,1
6,8,99.65,820.5,Month-to-month,No,1
7,22,89.1,1949.4,Month-to-month,No,0
8,10,29.75,301.9,Month-to-month,No,0
9,28,104.8,3046.05,Month-to-month,Yes,1
10,62,56.13,3487.95,Two year,No,0
11,13,49.95,587.45,Month-to-month,No,0
12,16,18.95,325.6,Two year,No,0
13,58,100.35,5681.1,One year,No,0
14,49,103.7,5036.3,Month-to-month,No,1
15,25,105.5,2686.05,Month-to-month,Yes,0